insert into construction_sites (id, construction_number, name)
values  (1, '18.23.1', 'Жилищна сграда В'),
        (2, '18.24.1', 'Кауфланд Горубляне'),
        (3, '1.11.5', 'Цех за преработка на метали'),
        (4, '18.25.2', 'Кауфланд Малинова Долина'),
        (5, '5.4.8', 'Къща Бояна'),
        (6, '2.25.4', 'Жилищна сграда SoHome'),
        (7, '101.54.8', 'Склад за храни'),
        (8, '2.11.9', 'Цех за панели');

insert into materials (id, material_type)
values  (1, 1),
        (2, 2),
        (3, 3),
        (4, 4),
        (5, 5);

insert into services (id, description, price)
values  (1, 'Армировка на стени', 10),
        (2, 'Къртене', 5);

insert into transports (id, description, distance)
values  (1, 'Камион за превоз на материали', 10),
        (2, 'Доставка на панели', 50),
        (3, 'Извозване на отпадъци', 10);


insert into fastener (id, clazz, description, diameter, length, model, note, quantity, specification_file_url, material_id)
values  (1, '8.8', 'Сегментен анкер тип  аналог на  HILTI HST3', 'М12', 120, 'DIN 976', null, 10, null, 1),
        (2, '8.8', 'Сегментен анкер тип  аналог на  HILTI HST3', 'М16', 140, 'DIN 931', null, 20, null, 1),
        (3, '8.8', 'Сегментен анкер тип  аналог на  HILTI HST3', 'М20', 120, 'DIN 931', null, 10, null, 1),
        (4, '8.8', 'Сегментен анкер тип  аналог на  HILTI HST3', 'М12', 100, 'DIN 931', null, 10, null, 1),
        (5, '10.9', 'Шпилка М20', 'М20', 1000, 'DIN 931', null, 3, null, null),
        (6, '8.8', 'Болт М12х55', 'М12', 55, 'DIN 931', null, 15, null, null),
        (7, null, 'Болт М16х70', 'М16', 70, 'ISO 7089', null, 30, null, null),
        (8, '8', 'Болт М20х70', 'М20', 70, 'ISO 4032', null, 200, null, null),
        (9, null, 'Болт М20х80', 'М20', 80, 'ISO 7089', null, 10, null, null),
        (10, '8', 'Болт М30х90', 'М30', 90, 'ISO 4032', null, 10, null, null),
        (11, null, 'Подложна шайба М12', 'М12', null, 'ISO 7089', null, 30, null, null),
        (12, '10', 'Гайка М12', 'М12', null, 'ISO 4032', null, 15, null, null),
        (13, null, 'Подложна шайба М16', 'М16', null, 'ISO 7089', null, 60, null, null),
        (14, '8', 'Гайка М16', 'М16', null, 'ISO 4032', null, 30, null, null),
        (15, null, 'Подложна шайба М20', 'М20', null, 'ISO 7089', null, 20, null, null),
        (16, '8', 'Гайка М20', 'М20', null, 'ISO 4032', null, 20, null, null),
        (17, null, 'Подложна шайба М20', 'М20', null, null, null, 420, null, null),
        (18, null, 'Гайка М20', 'М20', null, null, null, 420, null, null),
        (19, null, 'Подложна шайба М30', 'М30', null, null, null, 20, null, null),
        (20, null, 'Гайка М30', 'М30', null, null, null, 20, null, null);




insert into galvanised_sheets (id, area, length, marking, note, number, quantity, specification_file_url, type, width, material_id)
values  (1, 41, 1155, 'L', 'междинно ниво +5.70 м', '25', 4, null, 'TR 153x0.75', 87, null),
    (2, 28, 1065, 'L', 'междинно ниво +5.70 м', '26', 3, null, 'TR 153x0.75', 87, null),
    (3, 60, 980, 'L', 'междинно ниво +5.70 м', '27', 7, null, 'TR 153x0.75', 87, null),
    (4, 133, 1175, 'L', 'междинно ниво +5.70 м', '28', 13, null, 'TR 153x0.75', 87, null),
    (5, 31, 575, 'L', 'междинно ниво +5.70 м', '29', 6, null, 'TR 153x0.75', 87, null),
    (6, 29, 665, 'L', 'междинно ниво +5.70 м', '30', 5, null, 'TR 153x0.75', 87, null),
    (7, 23, 1305, 'L', 'междинно ниво +5.70 м', '31', 2, null, 'TR 153x0.75', 87, 1),
    (8, 56, 1285, 'L', 'междинно ниво +5.70 м', '32', 5, null, 'TR 153x0.75', 87, 1),
    (9, 80, 1020, 'L', 'междинно ниво +5.70 м', '33', 9, null, 'TR 153x0.75', 87, 1),
    (10, 14, 510, 'L', 'междинно ниво +5.70 м', '34', 3, null, 'TR 153x0.75', 87, 1),
    (11, 9, 470, 'L', 'междинно ниво +5.70 м', '35', 2, null, 'TR 153x0.75', 87, null),
    (12, 20, 740, 'L', 'междинно ниво +5.70 м', '36', 3, null, 'TR 153x0.75', 87, null),
    (13, 10, 270, 'L', 'междинно ниво +5.70 м', '37', 4, null, 'TR 153x0.75', 87, null),
    (14, 77, 800, 'L', 'покрив', '38', 11, null, 'TR 153x0.75', 87, null),
    (15, 40, 760, 'L', 'покрив', '39', 6, null, 'TR 153x0.75', 87, null),
    (16, 11, 1175, 'L', 'покрив', '40', 1, null, 'TR 153x0.75', 87, null),
    (17, 11, 1250, 'L', 'покрив', '41', 1, null, 'TR 153x0.75', 87, null),
    (18, 20, 1100, 'L', 'покрив', '42', 2, null, 'TR 153x0.75', 87, null),
    (19, 15, 860, 'L', 'покрив', '43', 2, null, 'TR 153x0.75', 87, null),
    (20, 6, 620, 'L', 'покрив', '44', 1, null, 'TR 153x0.75', 87, null),
    (21, 15, 570, 'L', 'покрив', '45', 3, null, 'TR 153x0.75', 87, null),
    (22, 7, 370, 'L', 'покрив', '46', 2, null, 'TR 153x0.75', 87, null),
    (23, 6, 330, 'L', 'покрив', '47', 2, null, 'TR 153x0.75', 87, null);




insert into metals (id, general_description, length, material_standard, note, origin_certificate, quantity, specification_file_url, standard_for_tolerances, type_of_metal, weight, material_id)
values  (1, 'Ъглов профил 200 х 200 х 16', '12000', 'БДС EN 10025-2', 'Маркировка на планката', 'EN 100204', 2, null, 'БДС EN 10056-2', 'S235JR', '1164', null),
    (2, 'Ъглов профил 210 х 210 х 16', '500', 'БДС EN 10025-2', 'Маркировка на планката', 'EN 100204', 10, null, 'БДС EN 10056-2', 'S235JR', '1164', 1),
    (3, 'Ъглов профил 220 х 220 х 16', '7000', 'БДС EN 10025-2', 'Маркировка на планката', 'EN 100204', 2, null, 'БДС EN 10056-2', 'S235JR', '1164', 1),
    (4, 'Ъглов профил 230 х 230 х 16', '14000', 'БДС EN 10025-2', 'Маркировка на планката', 'EN 100204', 50, null, 'БДС EN 10056-2', 'S235JR', '1164', null),
    (5, 'Ъглов профил 240 х 240 х 16', '19000', 'БДС EN 10025-2', 'Маркировка на планката', 'EN 100204', 1000, null, 'БДС EN 10056-2', 'S235JR', '1164', null),
    (6, 'Ъглов профил 250 х 250 х 16', '1000', 'БДС EN 10025-2', 'Маркировка на планката', 'EN 100204', 24, null, 'БДС EN 10056-2', 'S235JR', '1164', null),
    (7, 'Ъглов профил 260 х 260 х 16', '1000', 'БДС EN 10025-2', 'Маркировка на планката', 'EN 100204', 1, null, 'БДС EN 10056-2', 'S235JR', '1164', null);




insert into panels (id, color, length, note, quantity, sheet_thickness, specification_file_url, total_thickness, type, width, material_id)
values  (1, 'RAL 3000', 1200, null, 20, 2, null, 50, null, 100, null),
    (2, 'RAL 3000', 1200, 'скрит монтаж', 10, 1, null, 40, null, 100, 1),
    (3, 'RAL 3000', 1200, null, 14, 2, null, 50, null, 100, null),
    (4, 'RAL 3000', 1200, null, 55, 2, null, 50, null, 100, 1),
    (5, 'RAL 3000', 1200, 'ткрит монтаж', 22, 1, null, 50, null, 100, null),
    (6, 'RAL 3000', 1200, 'открит монтаж/ хладилен', 15, 2, null, 100, null, 90, 1);



insert into insulation (id, color, density, length, note, quantity, specification_file_url, thermal_performance, thickness, type, width, material_id)
values  (1, 'черна', null, 100, null, 570, null, null, 6, 'Тръбна изолация 6 x 06', '6', null),
        (2, 'черна', null, '100', null, 432, null, null, 6, 'Тръбна изолация 6 x 08', '8', null),
        (3, 'черна', null, '100', null, 408, null, null, 6, 'Тръбна изолация 6 x 10', '10', null),
        (4, 'черна', null, '100', null, 320, null, null, 6, 'Тръбна изолация 6 x 12', '12',1),
        (5, 'черна', null, '100', null, 282, null, null, 6, 'Тръбна изолация 6 x 15', '15',1),
        (6, 'черна', null, '100', null, 220, null, null, 6, 'Тръбна изолация 6 x 18', '18',1),
        (7, 'черна', null, '100', null, 180, null, null, 6, 'Тръбна изолация 6 x 20', '20',1),
        (8, 'черна', null, '100', null, 180, null, null, 6, 'Тръбна изолация 6 x 22', '22',1),
        (9, 'черна', null, '100', null, 152, null, null, 6, 'Тръбна изолация 6 x 25', '25',1),
        (10, 'черна', null, '100', null, 130, null, null, 6, 'Тръбна изолация 6 x 28', '28', null),
        (11, 'черна', null, '100', null, 112, null, null, 6, 'Тръбна изолация 6 x 30', '20', null),
        (12, 'черна', null, '100', null, 100, null, null, 6, 'Тръбна изолация 6 x 35', '35', null),
        (13, 'черна', null, '100', null, 90, null, null, 6, 'Тръбна изолация 6 x 42', '42', null),
        (14, 'черна', null, '100', null, 352, null, null, 9, 'Тръбна изолация 9 x 06', '6', null),
        (15, 'черна', null, '100', null, 300, null, null, 9, 'Тръбна изолация 9 x 08', '8', null),
        (16, 'черна', null, '100', null, 266, null, null, 9, 'Тръбна изолация 9 x 10', '10', null),
        (17, 'черна', null, '100', null, 234, null, null, 9, 'Тръбна изолация 9 x 12', '12', null),
        (18, 'черна', null, '100', null, 192, null, null, 9, 'Тръбна изолация 9 x 15', '15', null),
        (19, 'черна', null, '100', null, 166, null, null, 9, 'Тръбна изолация 9 x 18', '18', null),
        (20, 'черна', null, '100', null, 136, null, null, 9, 'Тръбна изолация 9 x 20', '20', null),
        (21, 'черна', null, '100', null, 136, null, null, 9, 'Тръбна изолация 9 x 22', '22', null),
        (22, 'черна', null, '100', null, 108, null, null, 9, 'Тръбна изолация 9 x 25', '25', null),
        (23, 'черна', null, '100', null, 98, null, null, 9, 'Тръбна изолация 9 x 28', '28', null),
        (24, 'черна', null, '100', null, 92, null, null, 9, 'Тръбна изолация 9 x 30', '20', null),
        (25, 'черна', null, '100', null, 76, null, null, 9, 'Тръбна изолация 9 x 35', '35', null),
        (26, 'черна', null, '100', null, 66, null, null, 9, 'Тръбна изолация 9 x 38', '38', null),
        (27, 'черна', null, '100', null, 60, null, null, 9, 'Тръбна изолация 9 x 42', '42', null),
        (28, 'черна', null, '100', null, 56, null, null, 9, 'Тръбна изолация 9 x 45', '45', null),
        (29, 'черна', null, '100', null, 50, null, null, 9, 'Тръбна изолация 9 x 48', '48', null),
        (30, 'черна', null, '100', null, 46, null, null, 9, 'Тръбна изолация 9 x 51', '51', null),
        (31, 'черна', null, '100', null, 46, null, null, 9, 'Тръбна изолация 9 x 54', '54', null),
        (32, 'черна', null, '100', null, 46, null, null, 9, 'Тръбна изолация 9 x 57', '57', null),
        (33, 'черна', null, '100', null, 46, null, null, 9, 'Тръбна изолация 9 x 60', '60', null),
        (34, 'черна', null, '100', null, 46, null, null, 9, 'Тръбна изолация 9 x 64', '64', null),
        (35, 'черна', null, '100', null, 46, null, null, 9, 'Тръбна изолация 9 x 67', '67', null),
        (36, 'черна', null, '100', null, 40, null, null, 9, 'Тръбна изолация 9 x 70', '70', null),
        (37, 'черна', null, '100', null, 40, null, null, 9, 'Тръбна изолация 9 x 76', '76', null),
        (38, 'черна', null, '100', null, 36, null, null, 9, 'Тръбна изолация 9 x 80', '80', null),
        (39, 'черна', null, '100', null, 36, null, null, 9, 'Тръбна изолация 9 x 89', '89', null),
        (40, 'черна', null, '100', null, 22, null, null, 9, 'Тръбна изолация 9 x 102', '102', null),
        (41, 'черна', null, '100', null, 22, null, null, 9, 'Тръбна изолация 9 x 108', '108', null),
        (42, 'черна', null, '100', null, 22, null, null, 9, 'Тръбна изолация 9 x 114', '114', null),
        (43, 'черна', null, '100', null, null, null, null, 9, 'Тръбна изолация 9 x 125', '125', null),
        (44, 'черна', null, '100', null, 16, null, null, 9, 'Тръбна изолация 9 x 133', '133', null),
        (45, 'черна', null, '100', null, 16, null, null, 9, 'Тръбна изолация 9 x 140', '140', null),
        (46, 'черна', null, '100', null, 16, null, null, 9, 'Тръбна изолация 9 x 160', '160', null),
        (47, 'черна', null, '100', null, 200, null, null, 13, 'Тръбна изолация 13 x 06', '6', null),
        (48, 'черна', null, '100', null, 200, null, null, 13, 'Тръбна изолация 13 x 08', '8', null),
        (49, 'черна', null, '100', null, 186, null, null, 13, 'Тръбна изолация 13 x 10', '10', null),
        (50, 'черна', null, '100', null, 162, null, null, 13, 'Тръбна изолация 13 x 12', '12', null),
        (51, 'черна', null, '100', null, 120, null, null, 13, 'Тръбна изолация 13 x 15', '15', null),
        (52, 'черна', null, '100', null, 120, null, null, 13, 'Тръбна изолация 13 x 18', '18', null),
        (53, 'черна', null, '100', null, 98, null, null, 13, 'Тръбна изолация 13 x 22', '20', null),
        (54, 'черна', null, '100', null, 80, null, null, 13, 'Тръбна изолация 13 x 25', '22', null),
        (55, 'черна', null, '100', null, 78, null, null, 13, 'Тръбна изолация 13 x 28', '25', null),
        (56, 'черна', null, '100', null, 72, null, null, 13, 'Тръбна изолация 13 x 30', '28', null),
        (57, 'черна', null, '100', null, 58, null, null, 13, 'Тръбна изолация 13 x 32', '20', null),
        (58, 'черна', null, '100', null, 58, null, null, 13, 'Тръбна изолация 13 x 35', '35', null),
        (59, 'черна', null, '100', null, 50, null, null, 13, 'Тръбна изолация 13 x 38', '38', null),
        (60, 'черна', null, '100', null, 48, null, null, 13, 'Тръбна изолация 13 x 40', '40', 1),
        (61, 'черна', null, '100', null, 48, null, null, 13, 'Тръбна изолация 13 x 42', '42', 1),
        (62, 'черна', null, '100', null, 44, null, null, 13, 'Тръбна изолация 13 x 45', '45', 1),
        (63, 'черна', null, '100', null, 40, null, null, 13, 'Тръбна изолация 13 x 48', '58', 1),
        (64, 'черна', null, '100', null, 34, null, null, 13, 'Тръбна изолация 13 x 50', '50', 1),
        (65, 'черна', null, '100', null, 34, null, null, 13, 'Тръбна изолация 13 x 51', '51', 1),
        (66, 'черна', null, '100', null, 34, null, null, 13, 'Тръбна изолация 13 x 54', '54', null),
        (67, 'черна', null, '100', null, 32, null, null, 13, 'Тръбна изолация 13 x 57', '57', null),
        (68, 'черна', null, '100', null, 32, null, null, 13, 'Тръбна изолация 13 x 60', '60', null),
        (69, 'черна', null, '100', null, 30, null, null, 13, 'Тръбна изолация 13 x 64', '64', null),
        (70, 'черна', null, '100', null, 30, null, null, 13, 'Тръбна изолация 13 x 67', '67', null),
        (71, 'черна', null, '100', null, 26, null, null, 13, 'Тръбна изолация 13 x 70', '70', null),
        (72, 'черна', null, '100', null, 26, null, null, 13, 'Тръбна изолация 13 x 76', '76', null),
        (73, 'черна', null, '100', null, 24, null, null, 13, 'Тръбна изолация 13 x 80', '80', null),
        (74, 'черна', null, '100', null, 24, null, null, 13, 'Тръбна изолация 13 x 89', '89', null),
        (75, 'черна', null, '100', null, 16, null, null, 13, 'Тръбна изолация 13 x 102', '102', null),
        (76, 'черна', null, '100', null, 16, null, null, 13, 'Тръбна изолация 13 x 108', '108', null),
        (77, 'черна', null, '100', null, 16, null, null, 13, 'Тръбна изолация 13 x 114', '114', null),
        (78, 'черна', null, '100', null, 12, null, null, 13, 'Тръбна изолация 13 x 125', '125', null),
        (79, 'черна', null, '100', null, 12, null, null, 13, 'Тръбна изолация 13 x 133', '133', null),
        (80, 'черна', null, '100', null, 12, null, null, 13, 'Тръбна изолация 13 x 140', '140', null),
        (81, 'черна', null, '100', null, 12, null, null, 13, 'Тръбна изолация 13 x 160', '160', null),
        (82, 'черна', null, '100', null, 100, null, null, 19, 'Тръбна изолация 19 x 06', '6', null),
        (83, 'черна', null, '100', null, 98, null, null, 19, 'Тръбна изолация 19 x 10', '10', null),
        (84, 'черна', null, '100', null, 88, null, null, 19, 'Тръбна изолация 19 x 12', '12', null),
        (85, 'черна', null, '100', null, 78, null, null, 19, 'Тръбна изолация 19 x 15', '15', null),
        (86, 'черна', null, '100', null, 72, null, null, 19, 'Тръбна изолация 19 x 18', '18', null),
        (87, 'черна', null, '100', null, 66, null, null, 19, 'Тръбна изолация 19 x 20', '20', null),
        (88, 'черна', null, '100', null, 64, null, null, 19, 'Тръбна изолация 19 x 22', '22', null),
        (89, 'черна', null, '100', null, 50, null, null, 19, 'Тръбна изолация 19 x 25', '25', null),
        (90, 'черна', null, '100', null, 48, null, null, 19, 'Тръбна изолация 19 x 28', '28', null),
        (91, 'черна', null, '100', null, 42, null, null, 19, 'Тръбна изолация 19 x 30', '20', null),
        (92, 'черна', null, '100', null, 36, null, null, 19, 'Тръбна изолация 19 x 32', '35', null),
        (93, 'черна', null, '100', null, 36, null, null, 19, 'Тръбна изолация 19 x 35', '38', null),
        (94, 'черна', null, '100', null, 32, null, null, 19, 'Тръбна изолация 19 x 38', '40', null),
        (95, 'черна', null, '100', null, 32, null, null, 19, 'Тръбна изолация 19 x 42', '42', null),
        (96, 'черна', null, '100', null, 28, null, null, 19, 'Тръбна изолация 19 x 45', '45', null),
        (97, 'черна', null, '100', null, 24, null, null, 19, 'Тръбна изолация 19 x 48', '58', null),
        (98, 'черна', null, '100', null, 24, null, null, 19, 'Тръбна изолация 19 x 50', '50', null),
        (99, 'черна', null, '100', null, 24, null, null, 19, 'Тръбна изолация 19 x 51', '51', null),
        (100, 'черна', null, '100', null, 24, null, null, 19, 'Тръбна изолация 19 x 54', '54', null),
        (101, 'черна', null, '100', null, 22, null, null, 19, 'Тръбна изолация 19 x 57', '57', null),
        (102, 'черна', null, '100', null, 22, null, null, 19, 'Тръбна изолация 19 x 60', '60', null),
        (103, 'черна', null, '100', null, 18, null, null, 19, 'Тръбна изолация 19 x 64', '64', null),
        (104, 'черна', null, '100', null, 18, null, null, 19, 'Тръбна изолация 19 x 67', '67', null),
        (105, 'черна', null, '100', null, 18, null, null, 19, 'Тръбна изолация 19 x 70', '70', null),
        (106, 'черна', null, '100', null, 18, null, null, 19, 'Тръбна изолация 19 x 76', '76', null),
        (107, 'черна', null, '100', null, 14, null, null, 19, 'Тръбна изолация 19 x 80', '80', null),
        (108, 'черна', null, '100', null, 14, null, null, 19, 'Тръбна изолация 19 x 89', '89', null),
        (109, 'черна', null, '100', null, 14, null, null, 19, 'Тръбна изолация 19 x 102', '102', null),
        (110, 'черна', null, '100', null, 12, null, null, 19, 'Тръбна изолация 19 x 108', '108', null),
        (111, 'черна', null, '100', null, 12, null, null, 19, 'Тръбна изолация 19 x 114', '114', null),
        (112, 'черна', null, '100', null, 10, null, null, 19, 'Тръбна изолация 19 x 125', '125', null),
        (113, 'черна', null, '100', null, 8, null, null, 19, 'Тръбна изолация 19 x 133', '133', null),
        (114, 'черна', null, '100', null, 8, null, null, 19, 'Тръбна изолация 19 x 140', '140', null),
        (115, 'черна', null, '100', null, 8, null, null, 19, 'Тръбна изолация 19 x 160', '160', null),
        (116, 'черна', null, '100', null, 6, null, null, 19, 'Тръбна изолация 19 x 170', '170', null),
        (117, 'черна', null, '100', null, 50, null, null, 25, 'Тръбна изолация 25 x 18', '18', null),
        (118, 'черна', null, '100', null, 42, null, null, 25, 'Тръбна изолация 25 x 22', '22', null),
        (119, 'черна', null, '100', null, 40, null, null, 25, 'Тръбна изолация 25 x 28', '25', null),
        (120, 'черна', null, '100', null, 32, null, null, 25, 'Тръбна изолация 25 x 35', '35', null),
        (121, 'черна', null, '100', null, 30, null, null, 25, 'Тръбна изолация 25 x 42', '42', null),
        (122, 'черна', null, '100', null, 24, null, null, 25, 'Тръбна изолация 25 x 48', '48', null),
        (123, 'черна', null, '100', null, 20, null, null, 25, 'Тръбна изолация 25 x 54', '54', null),
        (124, 'черна', null, '100', null, 18, null, null, 25, 'Тръбна изолация 25 x 60', '60', null),
        (125, 'черна', null, '100', null, 12, null, null, 25, 'Тръбна изолация 25 x 64', '64', null),
        (126, 'черна', null, '100', null, 12, null, null, 25, 'Тръбна изолация 25 x 70', '70', null),
        (127, 'черна', null, '100', null, 16, null, null, 25, 'Тръбна изолация 25 x 76', '76', null),
        (128, 'черна', null, '100', null, 10, null, null, 25, 'Тръбна изолация 25 x 80', '80', null),
        (129, 'черна', null, '100', null, 18, null, null, 25, 'Тръбна изолация 25 x 89', '89', null),
        (130, 'черна', null, '100', null, 6, null, null, 25, 'Тръбна изолация 25 x 102', '102', null),
        (131, 'черна', null, '100', null, 6, null, null, 25, 'Тръбна изолация 25 x 108', '108', null),
        (132, 'черна', null, '100', null, 6, null, null, 25, 'Тръбна изолация 25 x 114', '114', null),
        (133, 'черна', null, '100', null, 6, null, null, 25, 'Тръбна изолация 25 x 125', '125', null),
        (134, 'черна', null, '100', null, 4, null, null, 25, 'Тръбна изолация 25 x 133', '133', null),
        (135, 'черна', null, '100', null, 4, null, null, 25, 'Тръбна изолация 25 x 140', '140', null),
        (136, 'черна', null, '100', null, 4, null, null, 25, 'Тръбна изолация 25 x 160', '160', null),
        (137, 'черна', null, '100', null, 4, null, null, 25, 'Тръбна изолация 25 x 170', '170', null),
        (138, 'черна', null, '100', null, 42, null, null, 32, 'Тръбна изолация 32 x 10', '10', null),
        (139, 'черна', null, '100', null, 40, null, null, 32, 'Тръбна изолация 32 x 12', '12', null),
        (140, 'черна', null, '100', null, 36, null, null, 32, 'Тръбна изолация 32 x 15', '15', null),
        (141, 'черна', null, '100', null, 32, null, null, 32, 'Тръбна изолация 32 x 18', '18', null),
        (142, 'черна', null, '100', null, 32, null, null, 32, 'Тръбна изолация 32 x 22', '22', null),
        (143, 'черна', null, '100', null, 24, null, null, 32, 'Тръбна изолация 32 x 28', '28', null),
        (144, 'черна', null, '100', null, 22, null, null, 32, 'Тръбна изолация 32 x 35', '35', null),
        (145, 'черна', null, '100', null, 16, null, null, 32, 'Тръбна изолация 32 x 42', '42', null),
        (146, 'черна', null, '100', null, 14, null, null, 32, 'Тръбна изолация 32 x 48', '48', null),
        (147, 'черна', null, '100', null, 14, null, null, 32, 'Тръбна изолация 32 x 54', '54', null),
        (148, 'черна', null, '100', null, 16, null, null, 32, 'Тръбна изолация 32 x 60', '60', null),
        (149, 'черна', null, '100', null, 10, null, null, 32, 'Тръбна изолация 32 x 64', '64', null),
        (150, 'черна', null, '100', null, 8, null, null, 32, 'Тръбна изолация 32 x 70', '70', null),
        (151, 'черна', null, '100', null, 12, null, null, 32, 'Тръбна изолация 32 x 76', '76', null),
        (152, 'черна', null, '100', null, 12, null, null, 32, 'Тръбна изолация 32 x 89', '89', null),
        (153, 'черна', null, '100', null, 6, null, null, 32, 'Тръбна изолация 32 x 102', '102', null),
        (154, 'черна', null, '100', null, 6, null, null, 32, 'Тръбна изолация 32 x 108', '108', null),
        (155, 'черна', null, '100', null, 10, null, null, 32, 'Тръбна изолация 32 x 114', '114', null),
        (156, 'черна', null, '100', null, 6, null, null, 32, 'Тръбна изолация 32 x 125', '125', null),
        (157, 'черна', null, '100', null, 4, null, null, 32, 'Тръбна изолация 32 x 133', '133', null),
        (158, 'черна', null, '100', null, 4, null, null, 32, 'Тръбна изолация 32 x 140', '140', null),
        (159, 'черна', null, '100', null, 4, null, null, 32, 'Тръбна изолация 32 x 160', '160', null);


insert into rebars (id, diameter, length, note, position_number, quantity, specification_file_url, steel, type, weight,
                    material_id)
values (2, 14, 670, null, 1, 528, null, 'B500', null, 1.208, 1),
       (3, 16, 395, null, 4, 440, null, 'B500', null, 1.578, 1),
       (4, 8, 188, null, 5, 440, null, 'AI', null, 0.395, 1),
       (5, 8, 59, null, 6, 935, null, 'AI', null, 0.395, 1),
       (6, 14, 395, null, 7, 440, null, 'B500', null, 1.208, 1),
       (7, 14, 900, null, null, 48, null, 'B500', null, 1.208, 2),
       (8, 16, 395, null, null, 55, null, 'B500', null, 1.578, 2),
       (9, 8, 188, null, null, 55, null, 'A I', null, 0.395, 2),
       (10, 8, 59, null, null, 120, null, 'A I', null, 0.395, 2),
       (11, 14, 395, null, null, 55, null, 'B500', null, 1.208, 2),
       (12, 14, 460, null, null, 48, null, 'B500', null, 1.208, 3),
       (13, 16, 395, null, null, 25, null, 'B500', null, 1.578, 3),
       (14, 8, 188, null, null, 25, null, 'A I', null, 0.395, 3),
       (15, 8, 59, null, null, 48, null, 'A I', null, 0.395, 3),
       (16, 14, 395, null, null, 25, null, 'B500', null, 1.208, 3);

insert into orders (id, delivery_date, order_date, order_description, order_number, order_status, username, construction_site_id, materials_id, services_id, transports_id)
values  (1, '2024-07-05 15:04:34.000000', '2024-06-26 15:04:41.000000', 'Първа поръчка за строителство на сграда В', '14', 'DELIVERY_IN_PROGRESS', 'test@abv.bg', 1, 1, 1, 1),
        (2, '2024-10-19 15:06:14.000000', '2024-06-26 15:06:22.000000', 'Втора поръчкa за строителство на сграда В', '20', 'DELIVERY_IN_PROGRESS', 'test@gmail.com', 2, 2, 2, 3);
